	mean ra	prevalence	1|sp__ Variance	1|sp__ LRT Pvalue	1|sp__ LRT bh	1|sp Variance	1|sp LRT Pvalue	1|sp LRT bh	1|site_year Variance	1|site_year LRT Pvalue	1|site_year LRT bh	residual Variance	(Intercept) Value	(Intercept) Std.Error	(Intercept) Zscore	(Intercept) Pvalue	days_Since_May1 Value	days_Since_May1 Std.Error	days_Since_May1 Zscore	days_Since_May1 Pvalue	days_Since_May1 bh	log_CBombi Value	log_CBombi Std.Error	log_CBombi Zscore	log_CBombi Pvalue	log_CBombi bh
f__Neisseriaceae-g__Snodgrassella	0.2714955066157014	0.9827586206896551	0.6855	0.08508629	0.30252903111111107	0.6839	0.04364686	0.08399561411764707	1.259	3.827896e-09	7.655792e-09	6.3863	-2.9514161	0.8377262	-3.5231	0.0004265	0.0031301	0.0062981	0.497	0.6192024	0.66048256	-0.0186889	0.0328563	-0.5688	0.5694864	0.7289425919999999
f__Orbaceae-g__Gilliamella	0.19679530677887438	0.9670846394984326	1.4715	0.004021907	0.021450170666666667	0.4907	0.2108105	0.30663345454545454	1.0611	7.495876e-07	1.3326001777777777e-06	6.6766	-3.8702737	1.001998	-3.8626	0.0001122	0.0153867	0.0063248	2.4327	0.014985	0.022834285714285713	-0.1057707	0.0333501	-3.1715	0.0015164	0.016174933333333332
f__Orbaceae-g__Schmidhempelia	0.19311610910862723	0.9153605015673981	3.141	8.51406e-38	2.7244992e-36	9.639e-07	1.0	1.0	0.483	0.001979133	0.00253329024	7.325	-6.31130506	1.25967173	-5.0103	5.435e-07	-0.00098577	0.00618119	-0.1595	0.8733	0.8733	-0.03694793	0.03390222	-1.0898	0.2758	0.5239111111111111
f__Pseudomonadaceae-g__Entomomonas	0.06523820244699997	0.3448275862068966	3.389e-07	1.0	1.0	3.694e-05	1.0	1.0	4.619	7.530468e-29	4.81949952e-28	7.065	-13.7873707	0.6074185	-22.6983	0	0.0369757	0.0071966	5.138	2.777e-07	7.405333333333333e-07	0.3163516	0.0349758	9.0449	0	0.0
other	0.059931066434499566	0.9137931034482759	0.9052	0.2668443	0.56926784	1.2949	0.151118	0.2417888	15.8611	1.87905e-09	4.00864e-09	68.5383	-13.6278557	1.9202492	-7.0969	1.276e-12	0.0782597	0.020897	3.745	0.0001804	0.0003395764705882353	-0.0013441	0.1074556	-0.0125	0.9900196	0.9900196
f__Brucellaceae-g__Brucella	0.04030600814685326	0.3495297805642633	0.004614	0.4876201	0.8668801777777778	0.075238	0.2087037	0.30663345454545454	6.016739	1.386022e-28	7.392117333333333e-28	5.959795	-5.0375944	0.6096668	-8.2629	0	-0.0500035	0.0068599	-7.2892	3.118e-13	3.3258666666666666e-12	0.0129865	0.0330954	0.3924	0.6948	0.7940571428571428
f__Weeksellaceae-g__Apibacter	0.02723714619725416	0.40282131661442006	0.0004077	1.0	1.0	2.7606099	1.423848e-19	4.5563136e-18	0.6949689	0.02108734	0.02326878896551724	9.9131529	-10.2368021	0.8514781	-12.0224	0	0.0183744	0.0072177	2.5457	0.010905	0.017447999999999998	-0.1268549	0.0394589	-3.2149	0.001305	0.016174933333333332
f__Moraxellaceae-g__Acinetobacter	0.017054603626372768	0.6520376175548589	0.222929	0.02022188	0.08088752	0.000248	0.497622	0.63695616	1.618907	8.49038e-09	1.5981891764705883e-08	6.677287	-10.6403977	0.6375398	-16.6898	0	0.0212414	0.0065148	3.2605	0.001112	0.0019768888888888887	0.079344	0.0334946	2.3689	0.017843	0.11419520000000001
f__Erwiniaceae-g__Rosenbergiella	0.015369630405138765	0.30094043887147337	0.0001768	1.0	1.0	0.1751355	0.01246272	0.030677464615384616	1.3778817	3.708742e-27	1.6954249142857143e-26	5.3124866	-13.7055915	0.5068656	-27.0399	0	0.0439022	0.0058495	7.5053	6.13e-14	9.808e-13	0.0145171	0.0299339	0.485	0.6277	0.7725538461538461
f__Lactobacillaceae-g__Fructobacillus	0.014957727636016395	0.5391849529780565	1.729e-06	1.0	1.0	0.5055	4.289164e-06	2.74506496e-05	0.4657	0.00329002	0.003760022857142857	7.348	-13.1404372	0.5718995	-22.9768	0	0.0553274	0.0061399	9.0111	0	0.0	0.0433419	0.0336256	1.289	0.1974	0.44565333333333335
f__Acetobacteraceae-g__Saccharibacter	0.013212944887796008	0.2335423197492163	1.002e-05	1.0	1.0	0.09377	0.04462267	0.08399561411764707	0.8529	1.733394e-06	2.9194004210526318e-06	5.078	-12.0637203	0.4631458	-26.0473	0	0.0309049	0.0054876	5.6318	1.784e-08	6.343111111111111e-08	0.0299912	0.0286228	1.0478	0.2947	0.5239111111111111
f__Xanthomonadaceae-g__Stenotrophomonas	0.01074379065512333	0.2836990595611285	9.781e-06	1.0	1.0	0.07767	0.06632247	0.11790661333333333	4.365	1.095856e-29	1.1689130666666668e-28	3.778	-6.6995777	0.49798	-13.4535	0	-0.0328821	0.0055146	-5.9627	2.481e-09	1.1341714285714286e-08	0.0074338	0.0265527	0.28	0.7795	0.8314666666666667
f__Rhizobiaceae-g__Agrobacterium	0.009987344693569378	0.23981191222570533	0.05342	0.1701552	0.41884356923076926	0.00569	0.4913054	0.63695616	2.93766	6.339409e-29	4.81949952e-28	2.89889	-6.4955451	0.4550542	-14.2742	0	-0.0260572	0.0047893	-5.4407	5.307e-08	1.5438545454545454e-07	-0.0143334	0.0231951	-0.618	0.5366	0.7289425919999999
f__Bifidobacteriaceae-g__Bombiscardovia	0.008754646338748206	0.5564263322884012	0.9847261	1.790844e-08	2.8653504e-07	0.0003983	1.0	1.0	0.482167	0.002664312	0.0031577031111111107	9.2118031	-8.8794102	0.8793503	-10.0977	0	-0.0125225	0.0067953	-1.8428	0.06536	0.08714666666666666	0.0810305	0.0375478	2.1581	0.03092	0.14134857142857143
f__Spiroplasmataceae-g__Spiroplasma	0.008351645554971181	0.11128526645768025	3.013e-05	1.0	1.0	0.4817	8.203712e-16	1.31259392e-14	0.1619	0.00265614	0.0031577031111111107	3.402	-11.76486	0.426766	-27.5675	0	0.007669	0.004109	1.8664	0.06198	0.08623304347826087	-0.023991	0.022788	-1.0528	0.29244	0.5239111111111111
f__Erwiniaceae-g__Pantoea	0.007286609497186431	0.23197492163009403	0.1576	0.01397291	0.06387616	9.628e-07	1.0	1.0	0.702	2.217191e-19	7.883345777777777e-19	3.704	-12.0376137	0.4835582	-24.8938	0	0.0225728	0.0047538	4.7484	2.05e-06	4.373333333333333e-06	-0.0084877	0.0247471	-0.343	0.7316	0.8072827586206897
f__Pseudomonadaceae-g__Pseudomonas	0.0057557032265654435	0.46865203761755486	0.1774	0.1562931	0.41884356923076926	0.1754	0.1296349	0.21833246315789473	4.6756	5.530239e-31	8.8483824e-30	4.5692	-8.3306056	0.634216	-13.1353	0	-0.0075618	0.0060442	-1.2511	0.2109	0.24995555555555557	-0.0038378	0.0294247	-0.1304	0.8962	0.9251096774193548
f__Erwiniaceae-g__Erwinia	0.005627015429619441	0.2727272727272727	0.2259	0.0003777568	0.00241764352	3.194e-05	1.0	1.0	0.5472	6.506475e-06	9.914628571428572e-06	4.333	-10.7533983	0.5290877	-20.3244	0	0.0131997	0.0049696	2.6561	0.007905	0.013313684210526316	-0.0332866	0.0263897	-1.2613	0.207183	0.44565333333333335
f__Lactobacillaceae-g__Lactobacillus	0.004313918290884464	0.4106583072100313	0.8183	0.1375059	0.41884356923076926	1.589	0.000220033	0.0010058651428571429	0.1601	0.2106561	0.21745145806451613	4.4371	-8.259665	0.8728867	-9.4625	0	-0.0019124	0.0046287	-0.4132	0.6795	0.7014193548387097	-0.0149331	0.0259606	-0.5752	0.5651	0.7289425919999999
f__Bifidobacteriaceae-g__Bifidobacterium	0.004304230842744045	0.3981191222570533	0.625	0.1640324	0.41884356923076926	1.2869	0.0006815105	0.002726042	0.4223	7.916214e-06	1.1514493090909092e-05	4.8555	-10.4284711	0.8160708	-12.7789	0	0.0283029	0.0051371	5.5095	3.598e-08	1.15136e-07	-0.0349843	0.0278431	-1.2565	0.2089	0.44565333333333335
f__Chloroplast-g__Chloroplast	0.0039341212268318	0.47492163009404387	0.0004674	1.0	1.0	0.1860539	0.006928687	0.018476498666666667	0.7315254	6.091807e-06	9.7468912e-06	5.3948649	-7.1520834	0.484565	-14.7598	0	-0.0376928	0.0055705	-6.7665	1.32e-11	8.448e-11	0.0488904	0.0294183	1.6619	0.09653	0.2574133333333333
f__Acetobacteraceae-g__Neokomagataea	0.003229496343536303	0.18025078369905956	0.006296	0.4704703	0.8668801777777778	0.113488	0.004647592	0.013520267636363636	0.386601	7.739269e-11	1.905050830769231e-10	3.023961	-11.7504036	0.3690873	-31.8364	0	0.017444	0.0041526	4.2008	2.66e-05	5.32e-05	0.0481853	0.0220022	2.19	0.02852	0.14134857142857143
f__Alcaligenaceae-g__Achromobacter	0.0030636704024112125	0.19592476489028213	4.611e-06	1.0	1.0	0.1044	0.01562974	0.03572512	4.075	1.784682e-36	5.7109824e-35	2.97	-8.5681533	0.4608224	-18.593	0	-0.0248049	0.0049441	-5.017	5.248e-07	1.2918153846153847e-06	-0.0172544	0.0237658	-0.726	0.4678	0.6804363636363636
f__Acetobacteraceae-g__Asaia	0.002865389802672541	0.11442006269592477	0.03528	0.186763	0.4268868571428572	0.01566	0.3490852	0.4856837565217391	0.06491	0.09989748	0.106557312	2.88889	-13.0883645	0.3352995	-39.0349	0	0.0206308	0.0035759	5.7694	7.956e-09	3.1824e-08	0.0161937	0.0203085	0.7974	0.4252	0.6479238095238096
f__Lactobacillaceae-g__Apilactobacillus	0.002818680416074285	0.23510971786833856	6.834e-05	1.0	1.0	0.6742	2.299258e-11	2.4525418666666666e-10	3.604e-07	1.0	1.0	4.542	-11.3943731	0.4754434	-23.9658	0	0.0080927	0.0042807	1.8905	0.05869	0.08536727272727272	-0.0228963	0.0251596	-0.91	0.3628	0.6110315789473685
f__Staskawiczbacteraceae-g__GWA2-37-10	0.0015627035623673449	0.7100313479623824	0.05061	0.4462469	0.8668801777777778	0.63138	1.928163e-05	0.00010283536	0.67691	0.0002239556	0.0003115904	5.214	-10.0015703	0.567517	-17.6234	0	0.0065647	0.0054856	1.1967	0.23141	0.26446857142857144	0.0513123	0.0291398	1.7609	0.07826	0.22766545454545453
f__Lactobacillaceae-g__Leuconostoc	0.0012009080899216856	0.1206896551724138	6.673e-05	1.0	1.0	0.437	0.00312233	0.009991456	0.5946	6.334037e-11	1.6890765333333334e-10	2.362	-13.2288665	0.4052296	-32.6454	0	0.027378	0.0039108	7.0006	2.549e-12	2.0392e-11	0.0163995	0.0201603	0.8135	0.416	0.6479238095238096
f__Lactobacillaceae-g__gbxid5846	0.0005297656959892301	0.10815047021943573	1.319e-05	1.0	1.0	0.1901	2.693323e-07	2.1546584e-06	0.1082	0.00146019	0.0019469200000000002	1.877	-12.2918651	0.3024959	-40.6348	0	0.019067	0.0030875	6.1754	6.598e-10	3.5189333333333337e-09	-0.043547	0.0169867	-2.5636	0.01036	0.08288
f__Oxalobacteraceae-g__Massilia	0.0004929849632065933	0.19278996865203762	0.1296	0.0003648784	0.00241764352	1.123e-05	1.0	1.0	1.057	3.611348e-25	1.4445392e-24	1.76	-9.4162941	0.3959447	-23.7818	0	-0.0172981	0.0036163	-4.7834	1.723e-06	3.938285714285714e-06	0.0072312	0.0179289	0.4033	0.6867	0.7940571428571428
f__Propionibacteriaceae-g__Cutibacterium	0.00020866168987561753	0.1833855799373041	1.044e-05	1.0	1.0	0.07328	0.002047883	0.007281361777777777	0.6116	1.296166e-15	3.7706647272727276e-15	1.566	-10.8571117	0.2924599	-37.1234	0	-0.0022751	0.0032942	-0.6906	0.4898	0.5404689655172414	0.0311045	0.0165691	1.8773	0.06048	0.21504
f__Cellulomonadaceae-g__Cellulomonas	0.00016811130125467174	0.18495297805642633	0.1426377	0.0001500703	0.0016007498666666667	0.0001814	1.0	1.0	0.4928295	1.27226e-10	2.908022857142857e-10	1.6788909	-9.8711118	0.3797855	-25.9913	0	-0.0059472	0.0033341	-1.7838	0.07446	0.0953088	-0.0336775	0.0170413	-1.9762	0.04813	0.19252
f__Enterobacteriaceae-g__Escherichia			7.41e-07	1.0	1.0	0.01838	0.01942758	0.041445504	0.2447	3.465767e-17	1.10904544e-16	0.6521	-10.437622	0.182705	-57.1283	0	0.0030916	0.0021145	1.4621	0.1437	0.17686153846153846	0.0190413	0.0106303	1.7912	0.07326	0.22766545454545453
p__Pseudomonadota-c__Gammaproteobacteria	0.5600479150047717	1.0	1.232e-05	1.0	1.0	0.1562	5.474646e-07	1.50552765e-06	0.0551	0.01236992	0.01511879111111111	1.593	-1.7832334	0.2721299	-6.5529	5.644e-11	0.0094969	0.0027529	3.4498	0.000561	0.0020570000000000002	0.0118126	0.0154343	0.7653	0.444066	0.5427473333333334
p__Pseudomonadota-c__Betaproteobacteria	0.2765593899367825	0.9952978056426333	0.3555	0.200191	1.0	0.6642	0.01178121	0.01619916375	0.7937	5.732776e-08	1.5765134e-07	4.8104	-1.8010427	0.6871539	-2.621	0.008767	-0.0083549	0.0053831	-1.5521	0.120649	0.22118983333333336	-0.0342704	0.0283136	-1.2104	0.22613	0.35534714285714286
p__Pseudomonadota-c__Alphaproteobacteria	0.08046933269580911	0.7915360501567398	2.276e-05	1.0	1.0	0.3864	0.004239604	0.007772607333333334	4.544	1.007358e-15	5.540469e-15	9.671	-7.5416677	0.7334693	-10.2822	0	0.0101271	0.0083063	1.2192	0.2228	0.254551	0.0664669	0.0414204	1.6047	0.1086	0.19910000000000003
p__Bacteroidota-c__Flavobacteriia	0.02881842885343223	0.45768025078369906	1.495e-05	1.0	1.0	2.562	2.102286e-17	2.3125146e-16	0.2563	0.2164333	0.2164333	10.46	-10.2889794	0.8258509	-12.4586	0	0.0182932	0.0069508	2.6318	0.008493	0.02335575	-0.1040643	0.0394157	-2.6402	0.008286	0.045572999999999995
p__Bacillota-c__Bacilli	0.024850189475766164	0.7962382445141066	0.0002871	1.0	1.0	1.5809461	1.758641e-16	9.672525499999998e-16	0.6817914	0.001065012	0.0016735902857142858	6.7465508	-10.2353937	0.6838774	-14.9667	0	0.0451436	0.0061216	7.3745	1.65e-13	1.815e-12	-0.0207475	0.0329319	-0.63	0.5287	0.5815699999999999
p__Actinomycetota-c__Actinomycetes	0.013858231030349558	0.8495297805642633	4.714e-07	1.0	1.0	0.04828	0.2124576	0.2124576	0.2493	0.03547361	0.039020971	6.929	-6.5993677	0.4701477	-14.0368	0	0.0028615	0.0056427	0.5071	0.6121	0.6121	-0.0038766	0.0315475	-0.1229	0.9022	0.9022
p__Mycoplasmatota-c__Mollicutes	0.008358440111071942	0.11598746081504702	2.147e-06	1.0	1.0	0.4876	7.326452e-16	2.6863657333333332e-15	0.1657	0.002609592	0.003588189	3.413	-11.7738598	0.4283958	-27.4836	0	0.0076008	0.0041209	1.8444	0.06512	0.143264	-0.0193024	0.0228378	-0.8452	0.398	0.5427473333333334
p__Cyanobacteria-c__Cyanobacteriia	0.003936985541698544	0.47648902821316613	0.003235	1.0	1.0	0.179728	0.00994578	0.015629082857142856	0.744139	3.66895e-06	8.07169e-06	5.365273	-7.1029229	0.4853039	-14.636	0	-0.0383011	0.0055656	-6.8818	5.912e-12	3.2516e-11	0.0491724	0.0293597	1.6748	0.09397	0.19910000000000003
p__Patescibacteria-c__Paceibacteria	0.0015627035623673449	0.7100313479623824	0.05061	0.4462469	1.0	0.63138	1.928163e-05	4.2419586000000005e-05	0.67691	0.0002239556	0.0004105852666666667	5.214	-10.0015703	0.567517	-17.6234	0	0.0065647	0.0054856	1.1967	0.23141	0.254551	0.0513123	0.0291398	1.7609	0.07826	0.19910000000000003
other	0.0014116205563384512	0.5297805642633229	0.03412	1.0	1.0	3.65891	0.02467464	0.027142104000000004	81.66674	2.815169e-35	3.0966859e-34	120.39011	-19.326315	2.664632	-7.2529	4.079e-13	-0.038855	0.030113	-1.2903	0.1969482	0.254551	0.513778	0.147828	3.4755	0.0005099	0.0056089
p__Bacteroidota-c__Bacteroidia	0.00012676323161255136	0.14890282131661442	2.786e-06	1.0	1.0	0.04266	0.01921514	0.02348517111111111	0.2456	1.10051e-08	4.0352033333333336e-08	1.55	-11.8085716	0.2593624	-45.5292	0	0.0042577	0.0030229	1.4085	0.15899	0.24984142857142858	0.0283093	0.0158323	1.7881	0.07376	0.19910000000000003
